{
  "CritMessages": {
    "Melee": {
      "Messages": {
        "Pow!": [
          255,
          120,
          0
        ],
        "Bam!": [
          255,
          40,
          50
        ],
        "Smack!": [
          255,
          255,
          0
        ],
        "Thump!": [
          255,
          0,
          0
        ]
      }
    },
    "Explosive": {
      "Messages": {
        "Boom!": [
          255,
          0,
          0
        ],
        "Bang!": [
          255,
          0,
          0
        ]
      }
    },
    "Range": {
      "Messages": {
        "Pew pew!": [
          50,
          255,
          10
        ]
      }
    },
    "Magic": {
      "Messages": {
        "Splat!": [
          10,
          50,
          255
        ],
        "Whoosh!": [
          0,
          150,
          255
        ],
        "Whoomph!": [
          0,
          200,
          255
        ]
      }
    }
  }
}