{
  "MoneyFromNPCEnabled": true,
  "MoneyFromBossEnabled": true,
  "MoneyFromPVPEnabled": true,
  "AnnounceNPCKillGains": true,
  "AnnounceBossKillGains": true,
  "StaticDeathPenalty": false,
  "StaticPenaltyAmount": 0,
  "StaticPenaltyOverrides": [
    {
      "TShockGroup": "",
      "StaticRewardOverride": 0
    },
    {
      "TShockGroup": "",
      "StaticRewardOverride": 0
    }
  ],
  "KillerTakesDeathPenalty": true,
  "DeathPenaltyPercentValue": 10.0,
  "MoneyPerDamagePoint": 1.0,
  "Overrides": [
    {
      "NPCID": 1,
      "OverridenMoneyPerDamagePoint": 0.0
    },
    {
      "NPCID": 49,
      "OverridenMoneyPerDamagePoint": 0.0
    },
    {
      "NPCID": 74,
      "OverridenMoneyPerDamagePoint": 0.0
    },
    {
      "NPCID": 46,
      "OverridenMoneyPerDamagePoint": 0.0
    },
    {
      "NPCID": 85,
      "OverridenMoneyPerDamagePoint": 0.0
    },
    {
      "NPCID": 67,
      "OverridenMoneyPerDamagePoint": 0.0
    },
    {
      "NPCID": 55,
      "OverridenMoneyPerDamagePoint": 0.0
    },
    {
      "NPCID": 63,
      "OverridenMoneyPerDamagePoint": 0.0
    },
    {
      "NPCID": 58,
      "OverridenMoneyPerDamagePoint": 0.0
    },
    {
      "NPCID": 21,
      "OverridenMoneyPerDamagePoint": 0.0
    }
  ]
}