﻿{
  "BankAccountsEnabled": true,
  "StartingMoney": "0",
  "PayIntervalMinutes": 30,
  "IdleThresholdMinutes": 10,
  "IntervalPayAmount": "0",
  "JournalType": "xml",
  "JournalBackupMinutes": 1,
  "MoneyConfiguration": {
    "UseQuadrantNotation": false,
    "MoneyName": "经验",
    "MoneyNamePlural": "经验",
    "SingularDisplayFormat": "N0",
    "SingularDisplayCulture": "en-US",
    "Quadrant1FullName": "Copper",
    "Quadrant1ShortName": "copper",
    "Quadrant1Abbreviation": "c",
    "Quadrant2FullName": "Silver",
    "Quadrant2ShortName": "silver",
    "Quadrant2Abbreviation": "s",
    "Quadrant3FullName": "Gold",
    "Quadrant3ShortName": "gold",
    "Quadrant3Abbreviation": "g",
    "Quadrant4FullName": "Platinum",
    "Quadrant4ShortName": "plat",
    "Quadrant4Abbreviation": "p"
  },
  "SQLConnectionProperties": {
    "DbHost": "localhost",
    "DbUsername": "username",
    "DbPassword": "password",
    "DbName": "seconomy",
    "DbOverrideConnectionString": ""
  },
  "EnableProfiler": false
}