{
  "NotifyOnEntry": true,
  "NotifyOnEntry_description": "Global setting: Enables entry notifications (see below).",
  "NotifyOwner": true,
  "NotifyOwner_description": "Global setting: Notifies the owner of the house when a user enters/leaves.",
  "NotifyVisitor": true,
  "NotifyVisitor_description": "Global setting: Notifies a user about entering/leaving a house.",
  "NotifySelf": true,
  "NotifySelf_description": "Global setting: Notifies a user about entering/leaving his/her own house.",
  "NotifyOnEntryString": "You have entered the house: '$HOUSE_NAME'",
  "NotifyOnEntryString_description": "The string presented to players when they enter another player's house.",
  "NotifyOnOwnHouseEntryString": "Entered your house: '$HOUSE_NAME'",
  "NotifyOnOwnHouseEntryString_description": "The string presented to players when they enter their own house.",
  "NotifyOnOtherEntryString": "$PLAYER_NAME Entered your house: '$HOUSE_NAME'",
  "NotifyOnOtherEntryString_description": "The string presented to players when someone else enters their house.",
  "NotifyOnExit": true,
  "NotifyOnExit_description": "Global setting: Enables exit notifications.",
  "NotifyOnExitString": "You have left the house: '$HOUSE_NAME'",
  "NotifyOnExitString_description": "The string presented to players when they leave another player's house.",
  "NotifyOnOwnHouseExitString": "Left your house: '$HOUSE_NAME'",
  "NotifyOnOwnHouseExitString_description": "The string presented to players when they leave their own house.",
  "NotifyOnOtherExitString": "$PLAYER_NAME Left your house: '$HOUSE_NAME'",
  "NotifyOnOtherExitString_description": "The string presented to players when someone else leaves their house.",
  "HouseChatEnabled": true,
  "HouseChatEnabled_description": "Global setting: False completely disables house chat.",
  "MaxHouseSize": 5000,
  "MaxHouseSize_description": "Maximum house size (width*height).",
  "MinHouseWidth": 10,
  "MinHouseWidth_description": "Minimum house width, for protection from griefer use of /house.",
  "MinHouseHeight": 5,
  "MinHouseHeight_description": "Minimum house height, for protection from griefer use of /house.",
  "MaxHousesByUsername": 10,
  "MaxHousesByUsername_description": "Maximum amount of houses a user can have (unless has persmission house.bypasscount).",
  "OverlapHouses": false,
  "OverlapHouses_description": "Can players create houses that overlap another players' house?",
  "AllowRod": true,
  "AllowRod_description": "Can players use RoD to teleport into houses?"
}