{
  "Enabled": true,
  "ServerSideCharacterSave": 5,
  "LogonDiscardThreshold": 250,
  "StartingHealth": 100,
  "StartingMana": 20,
  "StartingInventory": [
    {
      "netID": 4,
      "prefix": 0,
      "stack": 1
    },
    {
      "netID": 1,
      "prefix": 0,
      "stack": 1
    },
    {
      "netID": 9,
      "prefix": 0,
      "stack": 999
    },
    {
      "netID": 1774,
      "prefix": 0,
      "stack": 3
    },
    {
      "netID": 22,
      "prefix": 0,
      "stack": 75
    },
    {
      "netID": 3124,
      "prefix": 0,
      "stack": 1
    },
    {
      "netID": 74,
      "prefix": 0,
      "stack": 1
    },
    {
      "netID": 3213,
      "prefix": 0,
      "stack": 1
    },
    {
      "netID": 29,
      "prefix": 0,
      "stack": 5
    }
  ]
}